{"CookieSPAEnabled":false,"CookieSameSiteNoneEnabled":false,"CookieV2CSPEnabled":false,"MultiVariantTestingEnabled":false,"UseV2":true,"MobileSDK":false,"SkipGeolocation":false,"ScriptType":"PRODUCTION","Version":"202302.1.0","OptanonDataJSON":"cdf436a9-4615-4772-a4b4-7660a91cc3a2","GeolocationUrl":"https://geolocation.onetrust.com/cookieconsentpub/v1/geo/location","BulkDomainCheckUrl":"https://cookies-data.onetrust.io/bannersdk/v1/domaingroupcheck","RuleSet":[{"Id":"bca8e614-9ba2-4395-b02b-8629122d14af","Name":"GDPR Audience","Countries":["de","no","be","fi","pt","bg","dk","lt","lu","hr","lv","fr","hu","se","mc","si","sk","mf","sm","yt","ie","gf","ee","mq","mt","gp","is","it","gr","es","at","re","cy","ax","cz","pl","li","ro","nl"],"States":{},"LanguageSwitcherPlaceholder":{"default":"en"},"BannerPushesDown":false,"Default":false,"Global":false,"Type":"GDPR","UseGoogleVendors":false,"VariantEnabled":false,"TestEndTime":null,"Variants":[],"TemplateName":"GDPR Custom Template","Conditions":[],"GCEnable":false,"IsGPPEnabled":false},{"Id":"83933df9-4a4e-4589-9ef1-f127505b98fe","Name":"Global Audience","Countries":["pr","ps","pw","py","qa","ad","ae","af","ag","ai","al","am","ao","aq","ar","as","au","aw","az","ba","bb","rs","bd","ru","bf","rw","bh","bi","bj","bl","bm","bn","bo","sa","bq","sb","sc","br","bs","sd","bt","sg","bv","bw","sh","sj","by","bz","sl","sn","so","ca","sr","ss","cc","st","cd","cf","sv","cg","ch","sx","sy","ci","sz","ck","cl","cm","cn","co","cr","tc","td","tf","cu","tg","cv","cw","th","cx","tj","tk","tl","tm","tn","to","tr","tt","tv","tw","tz","dj","dm","do","ua","ug","dz","um","ec","us","eg","eh","uy","uz","va","er","vc","ve","et","vg","vi","vn","vu","fj","fk","fm","fo","wf","ga","gb","ws","gd","ge","gg","gh","gi","gl","gm","gn","gq","gs","gt","gu","gw","gy","xk","hk","hm","hn","ht","ye","id","il","im","in","io","za","iq","ir","zm","je","zw","jm","jo","jp","ke","kg","kh","ki","km","kn","kp","kr","kw","ky","kz","la","lb","lc","lk","lr","ls","ly","ma","md","me","mg","mh","mk","ml","mm","mn","mo","mp","mr","ms","mu","mv","mw","mx","my","mz","na","nc","ne","nf","ng","ni","np","nr","nu","nz","om","pa","pe","pf","pg","ph","pk","pm","pn"],"States":{},"LanguageSwitcherPlaceholder":{"default":"en"},"BannerPushesDown":false,"Default":true,"Global":true,"Type":"GENERIC","UseGoogleVendors":false,"VariantEnabled":false,"TestEndTime":null,"Variants":[],"TemplateName":"Generic Template","Conditions":[],"GCEnable":false,"IsGPPEnabled":false}],"IabData":{"cookieVersion":"1","createdTime":"2023-03-13T14:13:45.586596816","updatedTime":"2023-03-13T14:13:45.586602916","cmpId":"28","cmpVersion":"1","consentScreen":"1","consentLanguage":null,"vendorListVersion":0,"maxVendorId":0,"encodingType":"0","globalVendorListUrl":"https://cdn-ukwest.onetrust.com/vendorlist/iabData.json"},"IabV2Data":{"cookieVersion":"1","createdTime":"2023-03-13T14:13:45.592096893","updatedTime":"2023-03-13T14:13:45.592100693","cmpId":"28","cmpVersion":"1","consentScreen":"1","consentLanguage":null,"vendorListVersion":0,"maxVendorId":0,"encodingType":"0","globalVendorListUrl":"https://cdn-ukwest.onetrust.com/vendorlist/iab2Data.json"},"GoogleData":{"vendorListVersion":1,"googleVendorListUrl":"https://cdn-ukwest.onetrust.com/vendorlist/googleData.json"},"ScriptDynamicLoadEnabled":false,"TenantFeatures":{"CookieV2BannerFocus":true,"CookieV2GPC":true,"CookieV2AssignTemplateRule":true,"CookieV2GeolocationJsonApi":true,"CookieV2TCF21":true,"CookieV2RemoveSettingsIcon":true,"CookieV2BannerLogo":true,"CookieV2GeneralVendors":true},"IsSuppressBanner":false,"IsSuppressPC":false,"PublisherCC":"UK","Domain":"premierleague.com","TenantGuid":"9cb83bee-0c92-4a46-a63a-1cd0d05e6347","EnvId":"app-uk-prod","RemoteActionsEnabled":false,"GeoRuleGroupName":"Default Audiences","GATrackToggle":false,"GATrackAssignedCategory":"","WebFormIntegrationEnabled":false,"WebFormSrcUrl":"","WebFormWorkerUrl":"","GppData":{"cmpId":"28"}}